[{"model": "contenttypes.contenttype", "pk": 1, "fields": {"app_label": "admin", "model": "logentry"}}, {"model": "contenttypes.contenttype", "pk": 2, "fields": {"app_label": "auth", "model": "permission"}}, {"model": "contenttypes.contenttype", "pk": 3, "fields": {"app_label": "auth", "model": "group"}}, {"model": "contenttypes.contenttype", "pk": 4, "fields": {"app_label": "auth", "model": "user"}}, {"model": "contenttypes.contenttype", "pk": 5, "fields": {"app_label": "contenttypes", "model": "contenttype"}}, {"model": "contenttypes.contenttype", "pk": 6, "fields": {"app_label": "sessions", "model": "session"}}, {"model": "contenttypes.contenttype", "pk": 7, "fields": {"app_label": "blog", "model": "blog"}}, {"model": "contenttypes.contenttype", "pk": 8, "fields": {"app_label": "blog", "model": "blogtype"}}, {"model": "contenttypes.contenttype", "pk": 9, "fields": {"app_label": "blog", "model": "readnum"}}, {"model": "contenttypes.contenttype", "pk": 10, "fields": {"app_label": "read_statistics", "model": "readnum"}}, {"model": "contenttypes.contenttype", "pk": 11, "fields": {"app_label": "read_statistics", "model": "readdetail"}}, {"model": "contenttypes.contenttype", "pk": 12, "fields": {"app_label": "comment", "model": "comment"}}, {"model": "contenttypes.contenttype", "pk": 13, "fields": {"app_label": "likes", "model": "likerecord"}}, {"model": "contenttypes.contenttype", "pk": 14, "fields": {"app_label": "likes", "model": "likecount"}}, {"model": "contenttypes.contenttype", "pk": 15, "fields": {"app_label": "user", "model": "profile"}}, {"model": "sessions.session", "pk": "59yzgezyjgr3caj3bmmee3zr7puqkzxr", "fields": {"session_data": "MTVhZjExNTYzNGYyZjJlNzgzZThhMjlhNmNhOWFiMGY5OThkYTM4Mzp7Il9hdXRoX3VzZXJfaWQiOiIxIiwiX2F1dGhfdXNlcl9iYWNrZW5kIjoiZGphbmdvLmNvbnRyaWIuYXV0aC5iYWNrZW5kcy5Nb2RlbEJhY2tlbmQiLCJfYXV0aF91c2VyX2hhc2giOiI2ZDYwNTAyNjY3YzBiYmRlZTZlNTNmNjdkZGUwMzZkNWRlNjk5Y2I3In0=", "expire_date": "2019-01-10T13:54:46.105Z"}}, {"model": "sessions.session", "pk": "ac981li2i5pyrvukn589b5ujboem6ml8", "fields": {"session_data": "MTVhZjExNTYzNGYyZjJlNzgzZThhMjlhNmNhOWFiMGY5OThkYTM4Mzp7Il9hdXRoX3VzZXJfaWQiOiIxIiwiX2F1dGhfdXNlcl9iYWNrZW5kIjoiZGphbmdvLmNvbnRyaWIuYXV0aC5iYWNrZW5kcy5Nb2RlbEJhY2tlbmQiLCJfYXV0aF91c2VyX2hhc2giOiI2ZDYwNTAyNjY3YzBiYmRlZTZlNTNmNjdkZGUwMzZkNWRlNjk5Y2I3In0=", "expire_date": "2019-01-11T05:22:31.195Z"}}, {"model": "sessions.session", "pk": "fwa3692l1w4rftwzigzc4ec3m3uao2xw", "fields": {"session_data": "MTVhZjExNTYzNGYyZjJlNzgzZThhMjlhNmNhOWFiMGY5OThkYTM4Mzp7Il9hdXRoX3VzZXJfaWQiOiIxIiwiX2F1dGhfdXNlcl9iYWNrZW5kIjoiZGphbmdvLmNvbnRyaWIuYXV0aC5iYWNrZW5kcy5Nb2RlbEJhY2tlbmQiLCJfYXV0aF91c2VyX2hhc2giOiI2ZDYwNTAyNjY3YzBiYmRlZTZlNTNmNjdkZGUwMzZkNWRlNjk5Y2I3In0=", "expire_date": "2019-01-07T11:10:50.295Z"}}, {"model": "sessions.session", "pk": "n9y03uz3vcf57zqjyna02g8xn2e6jdym", "fields": {"session_data": "MTVhZjExNTYzNGYyZjJlNzgzZThhMjlhNmNhOWFiMGY5OThkYTM4Mzp7Il9hdXRoX3VzZXJfaWQiOiIxIiwiX2F1dGhfdXNlcl9iYWNrZW5kIjoiZGphbmdvLmNvbnRyaWIuYXV0aC5iYWNrZW5kcy5Nb2RlbEJhY2tlbmQiLCJfYXV0aF91c2VyX2hhc2giOiI2ZDYwNTAyNjY3YzBiYmRlZTZlNTNmNjdkZGUwMzZkNWRlNjk5Y2I3In0=", "expire_date": "2018-12-29T13:22:42.880Z"}}, {"model": "sessions.session", "pk": "pyawg5n2cy8e0tdaawwvptgbs7y7qpsh", "fields": {"session_data": "MTVhZjExNTYzNGYyZjJlNzgzZThhMjlhNmNhOWFiMGY5OThkYTM4Mzp7Il9hdXRoX3VzZXJfaWQiOiIxIiwiX2F1dGhfdXNlcl9iYWNrZW5kIjoiZGphbmdvLmNvbnRyaWIuYXV0aC5iYWNrZW5kcy5Nb2RlbEJhY2tlbmQiLCJfYXV0aF91c2VyX2hhc2giOiI2ZDYwNTAyNjY3YzBiYmRlZTZlNTNmNjdkZGUwMzZkNWRlNjk5Y2I3In0=", "expire_date": "2019-02-05T10:59:08.816Z"}}, {"model": "sessions.session", "pk": "q7p5qpinbz7z92ukskgjdhpb6zw5iq0w", "fields": {"session_data": "MTVhZjExNTYzNGYyZjJlNzgzZThhMjlhNmNhOWFiMGY5OThkYTM4Mzp7Il9hdXRoX3VzZXJfaWQiOiIxIiwiX2F1dGhfdXNlcl9iYWNrZW5kIjoiZGphbmdvLmNvbnRyaWIuYXV0aC5iYWNrZW5kcy5Nb2RlbEJhY2tlbmQiLCJfYXV0aF91c2VyX2hhc2giOiI2ZDYwNTAyNjY3YzBiYmRlZTZlNTNmNjdkZGUwMzZkNWRlNjk5Y2I3In0=", "expire_date": "2019-01-10T11:46:27.377Z"}}, {"model": "sessions.session", "pk": "qwqji1hzjjxlib3a5ypke2mnp06w5u5z", "fields": {"session_data": "MTVhZjExNTYzNGYyZjJlNzgzZThhMjlhNmNhOWFiMGY5OThkYTM4Mzp7Il9hdXRoX3VzZXJfaWQiOiIxIiwiX2F1dGhfdXNlcl9iYWNrZW5kIjoiZGphbmdvLmNvbnRyaWIuYXV0aC5iYWNrZW5kcy5Nb2RlbEJhY2tlbmQiLCJfYXV0aF91c2VyX2hhc2giOiI2ZDYwNTAyNjY3YzBiYmRlZTZlNTNmNjdkZGUwMzZkNWRlNjk5Y2I3In0=", "expire_date": "2019-01-08T02:09:25.676Z"}}, {"model": "sessions.session", "pk": "wywejcj88vqp9xorb2v6h2n00zkxr9vb", "fields": {"session_data": "MTVhZjExNTYzNGYyZjJlNzgzZThhMjlhNmNhOWFiMGY5OThkYTM4Mzp7Il9hdXRoX3VzZXJfaWQiOiIxIiwiX2F1dGhfdXNlcl9iYWNrZW5kIjoiZGphbmdvLmNvbnRyaWIuYXV0aC5iYWNrZW5kcy5Nb2RlbEJhY2tlbmQiLCJfYXV0aF91c2VyX2hhc2giOiI2ZDYwNTAyNjY3YzBiYmRlZTZlNTNmNjdkZGUwMzZkNWRlNjk5Y2I3In0=", "expire_date": "2019-01-11T02:20:58.121Z"}}, {"model": "sessions.session", "pk": "yktn8275z34b7t3yzwpoibg54amucv0z", "fields": {"session_data": "MTVhZjExNTYzNGYyZjJlNzgzZThhMjlhNmNhOWFiMGY5OThkYTM4Mzp7Il9hdXRoX3VzZXJfaWQiOiIxIiwiX2F1dGhfdXNlcl9iYWNrZW5kIjoiZGphbmdvLmNvbnRyaWIuYXV0aC5iYWNrZW5kcy5Nb2RlbEJhY2tlbmQiLCJfYXV0aF91c2VyX2hhc2giOiI2ZDYwNTAyNjY3YzBiYmRlZTZlNTNmNjdkZGUwMzZkNWRlNjk5Y2I3In0=", "expire_date": "2019-01-10T13:23:48.985Z"}}, {"model": "blog.blogtype", "pk": 1, "fields": {"type_name": "111"}}, {"model": "blog.blogtype", "pk": 2, "fields": {"type_name": "\u535a\u5ba2"}}, {"model": "blog.blogtype", "pk": 3, "fields": {"type_name": "\u968f\u7b14"}}, {"model": "read_statistics.readnum", "pk": 1, "fields": {"read_num": 28, "content_type": 7, "object_id": 33}}, {"model": "read_statistics.readnum", "pk": 2, "fields": {"read_num": 2, "content_type": 7, "object_id": 27}}, {"model": "read_statistics.readnum", "pk": 3, "fields": {"read_num": 2, "content_type": 7, "object_id": 28}}, {"model": "read_statistics.readnum", "pk": 4, "fields": {"read_num": 5, "content_type": 7, "object_id": 29}}, {"model": "read_statistics.readnum", "pk": 5, "fields": {"read_num": 2, "content_type": 7, "object_id": 24}}, {"model": "read_statistics.readnum", "pk": 6, "fields": {"read_num": 2, "content_type": 7, "object_id": 25}}, {"model": "read_statistics.readnum", "pk": 7, "fields": {"read_num": 3, "content_type": 7, "object_id": 26}}, {"model": "read_statistics.readnum", "pk": 8, "fields": {"read_num": 2, "content_type": 7, "object_id": 23}}, {"model": "read_statistics.readnum", "pk": 9, "fields": {"read_num": 2, "content_type": 7, "object_id": 3}}, {"model": "read_statistics.readnum", "pk": 10, "fields": {"read_num": 12, "content_type": 7, "object_id": 30}}, {"model": "read_statistics.readnum", "pk": 11, "fields": {"read_num": 8, "content_type": 7, "object_id": 32}}, {"model": "read_statistics.readnum", "pk": 12, "fields": {"read_num": 2, "content_type": 7, "object_id": 4}}, {"model": "read_statistics.readnum", "pk": 13, "fields": {"read_num": 2, "content_type": 7, "object_id": 2}}, {"model": "read_statistics.readnum", "pk": 14, "fields": {"read_num": 1, "content_type": 7, "object_id": 19}}, {"model": "read_statistics.readnum", "pk": 15, "fields": {"read_num": 2, "content_type": 7, "object_id": 5}}, {"model": "read_statistics.readnum", "pk": 16, "fields": {"read_num": 4, "content_type": 7, "object_id": 31}}, {"model": "read_statistics.readnum", "pk": 17, "fields": {"read_num": 4, "content_type": 7, "object_id": 22}}, {"model": "read_statistics.readnum", "pk": 18, "fields": {"read_num": 1, "content_type": 7, "object_id": 21}}, {"model": "read_statistics.readnum", "pk": 19, "fields": {"read_num": 1, "content_type": 7, "object_id": 20}}, {"model": "read_statistics.readdetail", "pk": 1, "fields": {"date": "2018-12-25", "read_num": 4, "content_type": 7, "object_id": 33}}, {"model": "read_statistics.readdetail", "pk": 2, "fields": {"date": "2018-12-25", "read_num": 1, "content_type": 7, "object_id": 26}}, {"model": "read_statistics.readdetail", "pk": 3, "fields": {"date": "2018-12-25", "read_num": 1, "content_type": 7, "object_id": 23}}, {"model": "read_statistics.readdetail", "pk": 4, "fields": {"date": "2018-12-25", "read_num": 1, "content_type": 7, "object_id": 3}}, {"model": "read_statistics.readdetail", "pk": 5, "fields": {"date": "2018-12-25", "read_num": 1, "content_type": 7, "object_id": 30}}, {"model": "read_statistics.readdetail", "pk": 6, "fields": {"date": "2018-12-25", "read_num": 1, "content_type": 7, "object_id": 32}}, {"model": "read_statistics.readdetail", "pk": 7, "fields": {"date": "2018-12-25", "read_num": 1, "content_type": 7, "object_id": 4}}, {"model": "read_statistics.readdetail", "pk": 8, "fields": {"date": "2018-12-25", "read_num": 1, "content_type": 7, "object_id": 2}}, {"model": "read_statistics.readdetail", "pk": 9, "fields": {"date": "2018-12-25", "read_num": 1, "content_type": 7, "object_id": 19}}, {"model": "read_statistics.readdetail", "pk": 10, "fields": {"date": "2018-12-26", "read_num": 2, "content_type": 7, "object_id": 5}}, {"model": "read_statistics.readdetail", "pk": 11, "fields": {"date": "2018-12-26", "read_num": 1, "content_type": 7, "object_id": 4}}, {"model": "read_statistics.readdetail", "pk": 12, "fields": {"date": "2018-12-26", "read_num": 1, "content_type": 7, "object_id": 3}}, {"model": "read_statistics.readdetail", "pk": 13, "fields": {"date": "2018-12-27", "read_num": 3, "content_type": 7, "object_id": 33}}, {"model": "read_statistics.readdetail", "pk": 14, "fields": {"date": "2018-12-27", "read_num": 2, "content_type": 7, "object_id": 32}}, {"model": "read_statistics.readdetail", "pk": 15, "fields": {"date": "2018-12-27", "read_num": 1, "content_type": 7, "object_id": 31}}, {"model": "read_statistics.readdetail", "pk": 16, "fields": {"date": "2018-12-27", "read_num": 1, "content_type": 7, "object_id": 27}}, {"model": "read_statistics.readdetail", "pk": 17, "fields": {"date": "2018-12-27", "read_num": 1, "content_type": 7, "object_id": 29}}, {"model": "read_statistics.readdetail", "pk": 18, "fields": {"date": "2018-12-27", "read_num": 1, "content_type": 7, "object_id": 28}}, {"model": "read_statistics.readdetail", "pk": 19, "fields": {"date": "2018-12-27", "read_num": 1, "content_type": 7, "object_id": 30}}, {"model": "read_statistics.readdetail", "pk": 20, "fields": {"date": "2018-12-27", "read_num": 1, "content_type": 7, "object_id": 26}}, {"model": "read_statistics.readdetail", "pk": 21, "fields": {"date": "2018-12-27", "read_num": 1, "content_type": 7, "object_id": 25}}, {"model": "read_statistics.readdetail", "pk": 22, "fields": {"date": "2018-12-27", "read_num": 1, "content_type": 7, "object_id": 24}}, {"model": "read_statistics.readdetail", "pk": 23, "fields": {"date": "2018-12-27", "read_num": 1, "content_type": 7, "object_id": 23}}, {"model": "read_statistics.readdetail", "pk": 24, "fields": {"date": "2018-12-27", "read_num": 3, "content_type": 7, "object_id": 22}}, {"model": "read_statistics.readdetail", "pk": 25, "fields": {"date": "2018-12-27", "read_num": 1, "content_type": 7, "object_id": 21}}, {"model": "read_statistics.readdetail", "pk": 26, "fields": {"date": "2018-12-27", "read_num": 1, "content_type": 7, "object_id": 20}}, {"model": "read_statistics.readdetail", "pk": 27, "fields": {"date": "2018-12-27", "read_num": 1, "content_type": 7, "object_id": 2}}, {"model": "read_statistics.readdetail", "pk": 28, "fields": {"date": "2018-12-28", "read_num": 3, "content_type": 7, "object_id": 33}}, {"model": "read_statistics.readdetail", "pk": 29, "fields": {"date": "2018-12-28", "read_num": 1, "content_type": 7, "object_id": 22}}, {"model": "read_statistics.readdetail", "pk": 30, "fields": {"date": "2019-01-01", "read_num": 1, "content_type": 7, "object_id": 33}}, {"model": "read_statistics.readdetail", "pk": 31, "fields": {"date": "2019-01-02", "read_num": 1, "content_type": 7, "object_id": 33}}, {"model": "read_statistics.readdetail", "pk": 32, "fields": {"date": "2019-01-20", "read_num": 1, "content_type": 7, "object_id": 33}}, {"model": "read_statistics.readdetail", "pk": 33, "fields": {"date": "2019-01-20", "read_num": 1, "content_type": 7, "object_id": 32}}, {"model": "read_statistics.readdetail", "pk": 34, "fields": {"date": "2019-01-20", "read_num": 1, "content_type": 7, "object_id": 31}}, {"model": "read_statistics.readdetail", "pk": 35, "fields": {"date": "2019-01-21", "read_num": 1, "content_type": 7, "object_id": 33}}, {"model": "read_statistics.readdetail", "pk": 36, "fields": {"date": "2019-01-21", "read_num": 1, "content_type": 7, "object_id": 32}}, {"model": "read_statistics.readdetail", "pk": 37, "fields": {"date": "2019-01-22", "read_num": 1, "content_type": 7, "object_id": 33}}, {"model": "read_statistics.readdetail", "pk": 38, "fields": {"date": "2019-01-22", "read_num": 1, "content_type": 7, "object_id": 32}}, {"model": "read_statistics.readdetail", "pk": 39, "fields": {"date": "2019-01-22", "read_num": 1, "content_type": 7, "object_id": 31}}, {"model": "read_statistics.readdetail", "pk": 40, "fields": {"date": "2019-01-22", "read_num": 1, "content_type": 7, "object_id": 29}}, {"model": "read_statistics.readdetail", "pk": 41, "fields": {"date": "2019-02-15", "read_num": 1, "content_type": 7, "object_id": 33}}, {"model": "read_statistics.readdetail", "pk": 42, "fields": {"date": "2019-02-15", "read_num": 1, "content_type": 7, "object_id": 29}}, {"model": "read_statistics.readdetail", "pk": 43, "fields": {"date": "2019-02-15", "read_num": 1, "content_type": 7, "object_id": 31}}, {"model": "read_statistics.readdetail", "pk": 44, "fields": {"date": "2019-02-16", "read_num": 1, "content_type": 7, "object_id": 33}}, {"model": "read_statistics.readdetail", "pk": 45, "fields": {"date": "2019-02-17", "read_num": 4, "content_type": 7, "object_id": 33}}, {"model": "read_statistics.readdetail", "pk": 46, "fields": {"date": "2019-02-17", "read_num": 1, "content_type": 7, "object_id": 30}}, {"model": "read_statistics.readdetail", "pk": 47, "fields": {"date": "2019-02-18", "read_num": 7, "content_type": 7, "object_id": 30}}, {"model": "read_statistics.readdetail", "pk": 48, "fields": {"date": "2019-02-18", "read_num": 2, "content_type": 7, "object_id": 32}}, {"model": "read_statistics.readdetail", "pk": 49, "fields": {"date": "2019-02-18", "read_num": 1, "content_type": 7, "object_id": 33}}, {"model": "read_statistics.readdetail", "pk": 50, "fields": {"date": "2019-02-18", "read_num": 1, "content_type": 7, "object_id": 29}}, {"model": "read_statistics.readdetail", "pk": 51, "fields": {"date": "2019-02-20", "read_num": 1, "content_type": 7, "object_id": 30}}, {"model": "read_statistics.readdetail", "pk": 52, "fields": {"date": "2019-02-21", "read_num": 1, "content_type": 7, "object_id": 30}}, {"model": "read_statistics.readdetail", "pk": 53, "fields": {"date": "2019-02-21", "read_num": 1, "content_type": 7, "object_id": 33}}, {"model": "read_statistics.readdetail", "pk": 54, "fields": {"date": "2019-02-22", "read_num": 1, "content_type": 7, "object_id": 33}}, {"model": "likes.likecount", "pk": 40, "fields": {"content_type": 7, "object_id": 33, "liked_num": 1}}, {"model": "likes.likecount", "pk": 41, "fields": {"content_type": 7, "object_id": 32, "liked_num": 0}}, {"model": "likes.likecount", "pk": 42, "fields": {"content_type": 7, "object_id": 31, "liked_num": 0}}, {"model": "likes.likecount", "pk": 43, "fields": {"content_type": 7, "object_id": 30, "liked_num": 0}}, {"model": "likes.likecount", "pk": 44, "fields": {"content_type": 7, "object_id": 29, "liked_num": 0}}, {"model": "likes.likecount", "pk": 45, "fields": {"content_type": 7, "object_id": 28, "liked_num": 0}}, {"model": "likes.likecount", "pk": 46, "fields": {"content_type": 7, "object_id": 27, "liked_num": 0}}, {"model": "likes.likecount", "pk": 47, "fields": {"content_type": 12, "object_id": 23, "liked_num": 0}}, {"model": "likes.likecount", "pk": 48, "fields": {"content_type": 12, "object_id": 26, "liked_num": 0}}, {"model": "likes.likecount", "pk": 49, "fields": {"content_type": 12, "object_id": 28, "liked_num": 1}}, {"model": "likes.likecount", "pk": 50, "fields": {"content_type": 12, "object_id": 29, "liked_num": 1}}, {"model": "likes.likecount", "pk": 51, "fields": {"content_type": 12, "object_id": 30, "liked_num": 0}}, {"model": "likes.likecount", "pk": 52, "fields": {"content_type": 12, "object_id": 22, "liked_num": 0}}, {"model": "likes.likecount", "pk": 53, "fields": {"content_type": 12, "object_id": 21, "liked_num": 0}}, {"model": "likes.likecount", "pk": 54, "fields": {"content_type": 12, "object_id": 27, "liked_num": 0}}, {"model": "likes.likecount", "pk": 55, "fields": {"content_type": 12, "object_id": 20, "liked_num": 0}}, {"model": "likes.likecount", "pk": 56, "fields": {"content_type": 12, "object_id": 19, "liked_num": 0}}, {"model": "likes.likecount", "pk": 57, "fields": {"content_type": 12, "object_id": 18, "liked_num": 0}}, {"model": "likes.likecount", "pk": 58, "fields": {"content_type": 12, "object_id": 12, "liked_num": 0}}, {"model": "likes.likecount", "pk": 59, "fields": {"content_type": 12, "object_id": 11, "liked_num": 0}}, {"model": "likes.likecount", "pk": 60, "fields": {"content_type": 12, "object_id": 10, "liked_num": 0}}, {"model": "likes.likecount", "pk": 61, "fields": {"content_type": 12, "object_id": 9, "liked_num": 0}}, {"model": "likes.likecount", "pk": 62, "fields": {"content_type": 12, "object_id": 8, "liked_num": 0}}, {"model": "likes.likecount", "pk": 63, "fields": {"content_type": 12, "object_id": 7, "liked_num": 0}}, {"model": "likes.likecount", "pk": 64, "fields": {"content_type": 12, "object_id": 6, "liked_num": 0}}, {"model": "likes.likecount", "pk": 65, "fields": {"content_type": 12, "object_id": 5, "liked_num": 0}}, {"model": "likes.likecount", "pk": 66, "fields": {"content_type": 12, "object_id": 3, "liked_num": 0}}, {"model": "likes.likecount", "pk": 67, "fields": {"content_type": 12, "object_id": 2, "liked_num": 0}}, {"model": "likes.likecount", "pk": 68, "fields": {"content_type": 12, "object_id": 1, "liked_num": 0}}, {"model": "likes.likecount", "pk": 69, "fields": {"content_type": 12, "object_id": 34, "liked_num": 0}}, {"model": "likes.likecount", "pk": 70, "fields": {"content_type": 12, "object_id": 33, "liked_num": 0}}, {"model": "likes.likecount", "pk": 71, "fields": {"content_type": 12, "object_id": 32, "liked_num": 0}}, {"model": "likes.likecount", "pk": 72, "fields": {"content_type": 12, "object_id": 35, "liked_num": 0}}, {"model": "likes.likecount", "pk": 73, "fields": {"content_type": 12, "object_id": 36, "liked_num": 0}}, {"model": "likes.likecount", "pk": 74, "fields": {"content_type": 12, "object_id": 37, "liked_num": 1}}, {"model": "likes.likecount", "pk": 75, "fields": {"content_type": 12, "object_id": 25, "liked_num": 0}}, {"model": "likes.likecount", "pk": 76, "fields": {"content_type": 12, "object_id": 24, "liked_num": 0}}, {"model": "likes.likecount", "pk": 77, "fields": {"content_type": 12, "object_id": 15, "liked_num": 1}}, {"model": "likes.likecount", "pk": 78, "fields": {"content_type": 12, "object_id": 14, "liked_num": 0}}, {"model": "likes.likecount", "pk": 79, "fields": {"content_type": 12, "object_id": 13, "liked_num": 0}}, {"model": "auth.permission", "pk": 1, "fields": {"name": "Can add log entry", "content_type": 1, "codename": "add_logentry"}}, {"model": "auth.permission", "pk": 2, "fields": {"name": "Can change log entry", "content_type": 1, "codename": "change_logentry"}}, {"model": "auth.permission", "pk": 3, "fields": {"name": "Can delete log entry", "content_type": 1, "codename": "delete_logentry"}}, {"model": "auth.permission", "pk": 4, "fields": {"name": "Can view log entry", "content_type": 1, "codename": "view_logentry"}}, {"model": "auth.permission", "pk": 5, "fields": {"name": "Can add permission", "content_type": 2, "codename": "add_permission"}}, {"model": "auth.permission", "pk": 6, "fields": {"name": "Can change permission", "content_type": 2, "codename": "change_permission"}}, {"model": "auth.permission", "pk": 7, "fields": {"name": "Can delete permission", "content_type": 2, "codename": "delete_permission"}}, {"model": "auth.permission", "pk": 8, "fields": {"name": "Can view permission", "content_type": 2, "codename": "view_permission"}}, {"model": "auth.permission", "pk": 9, "fields": {"name": "Can add group", "content_type": 3, "codename": "add_group"}}, {"model": "auth.permission", "pk": 10, "fields": {"name": "Can change group", "content_type": 3, "codename": "change_group"}}, {"model": "auth.permission", "pk": 11, "fields": {"name": "Can delete group", "content_type": 3, "codename": "delete_group"}}, {"model": "auth.permission", "pk": 12, "fields": {"name": "Can view group", "content_type": 3, "codename": "view_group"}}, {"model": "auth.permission", "pk": 13, "fields": {"name": "Can add user", "content_type": 4, "codename": "add_user"}}, {"model": "auth.permission", "pk": 14, "fields": {"name": "Can change user", "content_type": 4, "codename": "change_user"}}, {"model": "auth.permission", "pk": 15, "fields": {"name": "Can delete user", "content_type": 4, "codename": "delete_user"}}, {"model": "auth.permission", "pk": 16, "fields": {"name": "Can view user", "content_type": 4, "codename": "view_user"}}, {"model": "auth.permission", "pk": 17, "fields": {"name": "Can add content type", "content_type": 5, "codename": "add_contenttype"}}, {"model": "auth.permission", "pk": 18, "fields": {"name": "Can change content type", "content_type": 5, "codename": "change_contenttype"}}, {"model": "auth.permission", "pk": 19, "fields": {"name": "Can delete content type", "content_type": 5, "codename": "delete_contenttype"}}, {"model": "auth.permission", "pk": 20, "fields": {"name": "Can view content type", "content_type": 5, "codename": "view_contenttype"}}, {"model": "auth.permission", "pk": 21, "fields": {"name": "Can add session", "content_type": 6, "codename": "add_session"}}, {"model": "auth.permission", "pk": 22, "fields": {"name": "Can change session", "content_type": 6, "codename": "change_session"}}, {"model": "auth.permission", "pk": 23, "fields": {"name": "Can delete session", "content_type": 6, "codename": "delete_session"}}, {"model": "auth.permission", "pk": 24, "fields": {"name": "Can view session", "content_type": 6, "codename": "view_session"}}, {"model": "auth.permission", "pk": 25, "fields": {"name": "Can add blog", "content_type": 7, "codename": "add_blog"}}, {"model": "auth.permission", "pk": 26, "fields": {"name": "Can change blog", "content_type": 7, "codename": "change_blog"}}, {"model": "auth.permission", "pk": 27, "fields": {"name": "Can delete blog", "content_type": 7, "codename": "delete_blog"}}, {"model": "auth.permission", "pk": 28, "fields": {"name": "Can view blog", "content_type": 7, "codename": "view_blog"}}, {"model": "auth.permission", "pk": 29, "fields": {"name": "Can add blog type", "content_type": 8, "codename": "add_blogtype"}}, {"model": "auth.permission", "pk": 30, "fields": {"name": "Can change blog type", "content_type": 8, "codename": "change_blogtype"}}, {"model": "auth.permission", "pk": 31, "fields": {"name": "Can delete blog type", "content_type": 8, "codename": "delete_blogtype"}}, {"model": "auth.permission", "pk": 32, "fields": {"name": "Can view blog type", "content_type": 8, "codename": "view_blogtype"}}, {"model": "auth.permission", "pk": 33, "fields": {"name": "Can add read num", "content_type": 9, "codename": "add_readnum"}}, {"model": "auth.permission", "pk": 34, "fields": {"name": "Can change read num", "content_type": 9, "codename": "change_readnum"}}, {"model": "auth.permission", "pk": 35, "fields": {"name": "Can delete read num", "content_type": 9, "codename": "delete_readnum"}}, {"model": "auth.permission", "pk": 36, "fields": {"name": "Can view read num", "content_type": 9, "codename": "view_readnum"}}, {"model": "auth.permission", "pk": 37, "fields": {"name": "Can add read num", "content_type": 10, "codename": "add_readnum"}}, {"model": "auth.permission", "pk": 38, "fields": {"name": "Can change read num", "content_type": 10, "codename": "change_readnum"}}, {"model": "auth.permission", "pk": 39, "fields": {"name": "Can delete read num", "content_type": 10, "codename": "delete_readnum"}}, {"model": "auth.permission", "pk": 40, "fields": {"name": "Can view read num", "content_type": 10, "codename": "view_readnum"}}, {"model": "auth.permission", "pk": 41, "fields": {"name": "Can add read detail", "content_type": 11, "codename": "add_readdetail"}}, {"model": "auth.permission", "pk": 42, "fields": {"name": "Can change read detail", "content_type": 11, "codename": "change_readdetail"}}, {"model": "auth.permission", "pk": 43, "fields": {"name": "Can delete read detail", "content_type": 11, "codename": "delete_readdetail"}}, {"model": "auth.permission", "pk": 44, "fields": {"name": "Can view read detail", "content_type": 11, "codename": "view_readdetail"}}, {"model": "auth.permission", "pk": 45, "fields": {"name": "Can add comment", "content_type": 12, "codename": "add_comment"}}, {"model": "auth.permission", "pk": 46, "fields": {"name": "Can change comment", "content_type": 12, "codename": "change_comment"}}, {"model": "auth.permission", "pk": 47, "fields": {"name": "Can delete comment", "content_type": 12, "codename": "delete_comment"}}, {"model": "auth.permission", "pk": 48, "fields": {"name": "Can view comment", "content_type": 12, "codename": "view_comment"}}, {"model": "auth.permission", "pk": 49, "fields": {"name": "Can add like record", "content_type": 13, "codename": "add_likerecord"}}, {"model": "auth.permission", "pk": 50, "fields": {"name": "Can change like record", "content_type": 13, "codename": "change_likerecord"}}, {"model": "auth.permission", "pk": 51, "fields": {"name": "Can delete like record", "content_type": 13, "codename": "delete_likerecord"}}, {"model": "auth.permission", "pk": 52, "fields": {"name": "Can view like record", "content_type": 13, "codename": "view_likerecord"}}, {"model": "auth.permission", "pk": 53, "fields": {"name": "Can add like count", "content_type": 14, "codename": "add_likecount"}}, {"model": "auth.permission", "pk": 54, "fields": {"name": "Can change like count", "content_type": 14, "codename": "change_likecount"}}, {"model": "auth.permission", "pk": 55, "fields": {"name": "Can delete like count", "content_type": 14, "codename": "delete_likecount"}}, {"model": "auth.permission", "pk": 56, "fields": {"name": "Can view like count", "content_type": 14, "codename": "view_likecount"}}, {"model": "auth.permission", "pk": 57, "fields": {"name": "Can add profile", "content_type": 15, "codename": "add_profile"}}, {"model": "auth.permission", "pk": 58, "fields": {"name": "Can change profile", "content_type": 15, "codename": "change_profile"}}, {"model": "auth.permission", "pk": 59, "fields": {"name": "Can delete profile", "content_type": 15, "codename": "delete_profile"}}, {"model": "auth.permission", "pk": 60, "fields": {"name": "Can view profile", "content_type": 15, "codename": "view_profile"}}, {"model": "auth.user", "pk": 1, "fields": {"password": "pbkdf2_sha256$120000$jgPZBdfqbBfC$+wIP/cNPha4st9MLxnNQFdkdqxiqxD/qAO9v3qnZdUM=", "last_login": "2019-02-22T13:29:23.412Z", "is_superuser": true, "username": "jack", "first_name": "", "last_name": "", "email": "", "is_staff": true, "is_active": true, "date_joined": "2018-12-15T12:50:55Z", "groups": [], "user_permissions": []}}, {"model": "auth.user", "pk": 2, "fields": {"password": "pbkdf2_sha256$120000$oskwQbCcO1yl$DrCfs+Ve5TC6ST9xZ+iB2M6/Nzq+lrddRLrHbH3kBsQ=", "last_login": "2019-02-15T05:55:46.031Z", "is_superuser": false, "username": "jerry", "first_name": "", "last_name": "", "email": "jerryrr77@163.com", "is_staff": false, "is_active": true, "date_joined": "2019-02-15T05:55:44.974Z", "groups": [], "user_permissions": []}}, {"model": "blog.blog", "pk": 1, "fields": {"title": "111", "content": "aaaa", "blog_type": 1, "author": 1, "created_time": "2018-12-15T14:01:52.212Z", "last_update_time": "2018-12-15T14:01:52.212Z"}}, {"model": "blog.blog", "pk": 2, "fields": {"title": "222", "content": "aaa", "blog_type": 2, "author": 1, "created_time": "2018-12-15T14:02:00.081Z", "last_update_time": "2018-12-15T14:02:00.081Z"}}, {"model": "blog.blog", "pk": 3, "fields": {"title": "333", "content": "qaada asd faaaaa  aaaqaad  aasdfaaaaaa aaqa adaas dfaaaaaaa aqa adaasdf aaa aaaaaqaa daasd aaaaaaaaq aadaa sdfaa   aaaaaaqaadaa sdfaa aaaa   a  aa aqaa \r\n daa sdf a aaaaaaa qa  ada asdfa a aa a  aaaq aa daasd faaaa a aaa qaadaas  dfaaaaaaaaqaada asd faaaaa  aaaqaad  aasdfaaaaaa aaqa adaas dfaaaaaaa aqa adaasdf aaa aaaaaqaa daasd aaaaaaaaq aadaa sdfaa   aaaaaaqaadaa sdfaa aaaa   a  aa aqaa \r\n daa sdf a aaaaaaa qa  ada asdfa a aa a  aaaq aa daasd faaaa a aaa qaadaas  dfaaaaaaaaqaada asd faaaaa  aaaqaad  aasdfaaaaaa aaqa adaas dfaaaaaaa aqa adaasdf aaa aaaaaqaa daasd aaaaaaaaq aadaa sdfaa   aaaaaaqaadaa sdfaa aaaa   a  aa aqaa \r\n daa sdf a aaaaaaa qa  ada asdfa a aa a  aaaq aa daasd faaaa a aaa qaadaas  dfaaaaaaaaqaada asd faaaaa  aaaqaad  aasdfaaaaaa aaqa adaas dfaaaaaaa aqa adaasdf aaa aaaaaqaa daasd aaaaaaaaq aadaa sdfaa   aaaaaaqaadaa sdfaa aaaa   a  aa aqaa \r\n daa sdf a aaaaaaa qa  ada asdfa a aa a  aaaq aa daasd faaaa a aaa qaadaas  dfaaaaaaaaqaada asd faaaaa  aaaqaad  aasdfaaaaaa aaqa adaas dfaaaaaaa aqa adaasdf aaa aaaaaqaa daasd aaaaaaaaq aadaa sdfaa   aaaaaaqaadaa sdfaa aaaa   a  aa aqaa \r\n daa sdf a aaaaaaa qa  ada asdfa a aa a  aaaq aa daasd faaaa a aaa qaadaas  dfaaaaaaaaqaada asd faaaaa  aaaqaad  aasdfaaaaaa aaqa adaas dfaaaaaaa aqa adaasdf aaa aaaaaqaa daasd aaaaaaaaq aadaa sdfaa   aaaaaaqaadaa sdfaa aaaa   a  aa aqaa \r\n daa sdf a aaaaaaa qa  ada asdfa a aa a  aaaq aa daasd faaaa a aaa qaadaas  dfaaaaaaaa", "blog_type": 2, "author": 1, "created_time": "2018-12-15T14:02:11.381Z", "last_update_time": "2018-12-23T10:18:18.468Z"}}, {"model": "blog.blog", "pk": 4, "fields": {"title": "the first blog in shell", "content": "<p><img alt=\"\" src=\"/media/upload/2018/12/24/qq20181218230427.jpg\" style=\"height:128px; width:96px\" /></p>\r\n\r\n<p>this is the first blog in shell,hahahha</p>", "blog_type": 1, "author": 1, "created_time": "2018-12-23T12:42:39.471Z", "last_update_time": "2018-12-24T13:40:44.359Z"}}, {"model": "blog.blog", "pk": 5, "fields": {"title": "for 1", "content": "xxxx:1", "blog_type": 1, "author": 1, "created_time": "2018-12-23T12:53:24.969Z", "last_update_time": "2018-12-23T12:53:24.969Z"}}, {"model": "blog.blog", "pk": 6, "fields": {"title": "for 2", "content": "xxxx:2", "blog_type": 1, "author": 1, "created_time": "2018-12-23T12:53:25.392Z", "last_update_time": "2018-12-23T12:53:25.392Z"}}, {"model": "blog.blog", "pk": 7, "fields": {"title": "for 3", "content": "xxxx:3", "blog_type": 1, "author": 1, "created_time": "2018-12-23T12:53:25.522Z", "last_update_time": "2018-12-23T12:53:25.522Z"}}, {"model": "blog.blog", "pk": 8, "fields": {"title": "for 4", "content": "xxxx:4", "blog_type": 1, "author": 1, "created_time": "2018-12-23T12:53:25.652Z", "last_update_time": "2018-12-23T12:53:25.652Z"}}, {"model": "blog.blog", "pk": 9, "fields": {"title": "for 5", "content": "xxxx:5", "blog_type": 1, "author": 1, "created_time": "2018-12-23T12:53:25.772Z", "last_update_time": "2018-12-23T12:53:25.772Z"}}, {"model": "blog.blog", "pk": 10, "fields": {"title": "for 6", "content": "xxxx:6", "blog_type": 1, "author": 1, "created_time": "2018-12-23T12:53:25.892Z", "last_update_time": "2018-12-23T12:53:25.892Z"}}, {"model": "blog.blog", "pk": 11, "fields": {"title": "for 7", "content": "xxxx:7", "blog_type": 1, "author": 1, "created_time": "2018-12-23T12:53:26.052Z", "last_update_time": "2018-12-23T12:53:26.052Z"}}, {"model": "blog.blog", "pk": 12, "fields": {"title": "for 8", "content": "xxxx:8", "blog_type": 1, "author": 1, "created_time": "2018-12-23T12:53:26.182Z", "last_update_time": "2018-12-23T12:53:26.182Z"}}, {"model": "blog.blog", "pk": 13, "fields": {"title": "for 9", "content": "xxxx:9", "blog_type": 1, "author": 1, "created_time": "2018-12-23T12:53:26.322Z", "last_update_time": "2018-12-23T12:53:26.322Z"}}, {"model": "blog.blog", "pk": 14, "fields": {"title": "for 10", "content": "xxxx:10", "blog_type": 1, "author": 1, "created_time": "2018-12-23T12:53:26.442Z", "last_update_time": "2018-12-23T12:53:26.442Z"}}, {"model": "blog.blog", "pk": 15, "fields": {"title": "for 11", "content": "xxxx:11", "blog_type": 1, "author": 1, "created_time": "2018-12-23T12:53:26.562Z", "last_update_time": "2018-12-23T12:53:26.562Z"}}, {"model": "blog.blog", "pk": 16, "fields": {"title": "for 12", "content": "xxxx:12", "blog_type": 1, "author": 1, "created_time": "2018-12-23T12:53:26.692Z", "last_update_time": "2018-12-23T12:53:26.692Z"}}, {"model": "blog.blog", "pk": 17, "fields": {"title": "for 13", "content": "xxxx:13", "blog_type": 1, "author": 1, "created_time": "2018-12-23T12:53:26.842Z", "last_update_time": "2018-12-23T12:53:26.842Z"}}, {"model": "blog.blog", "pk": 18, "fields": {"title": "for 14", "content": "xxxx:14", "blog_type": 1, "author": 1, "created_time": "2018-12-23T12:53:26.962Z", "last_update_time": "2018-12-23T12:53:26.962Z"}}, {"model": "blog.blog", "pk": 19, "fields": {"title": "for 15", "content": "xxxx:15", "blog_type": 1, "author": 1, "created_time": "2018-12-23T12:53:27.112Z", "last_update_time": "2018-12-23T12:53:27.112Z"}}, {"model": "blog.blog", "pk": 20, "fields": {"title": "for 16", "content": "xxxx:16", "blog_type": 1, "author": 1, "created_time": "2018-12-23T12:53:27.252Z", "last_update_time": "2018-12-23T12:53:27.252Z"}}, {"model": "blog.blog", "pk": 21, "fields": {"title": "for 17", "content": "xxxx:17", "blog_type": 1, "author": 1, "created_time": "2018-12-23T12:53:27.402Z", "last_update_time": "2018-12-23T12:53:27.402Z"}}, {"model": "blog.blog", "pk": 22, "fields": {"title": "for 18", "content": "xxxx:18", "blog_type": 1, "author": 1, "created_time": "2018-12-23T12:53:27.522Z", "last_update_time": "2018-12-23T12:53:27.522Z"}}, {"model": "blog.blog", "pk": 23, "fields": {"title": "for 19", "content": "xxxx:19", "blog_type": 1, "author": 1, "created_time": "2018-12-23T12:53:27.642Z", "last_update_time": "2018-12-23T12:53:27.642Z"}}, {"model": "blog.blog", "pk": 24, "fields": {"title": "for 20", "content": "xxxx:20", "blog_type": 1, "author": 1, "created_time": "2018-12-23T12:53:27.762Z", "last_update_time": "2018-12-23T12:53:27.762Z"}}, {"model": "blog.blog", "pk": 25, "fields": {"title": "for 21", "content": "xxxx:21", "blog_type": 1, "author": 1, "created_time": "2018-12-23T12:53:27.872Z", "last_update_time": "2018-12-23T12:53:27.872Z"}}, {"model": "blog.blog", "pk": 26, "fields": {"title": "for 22", "content": "xxxx:22", "blog_type": 1, "author": 1, "created_time": "2018-12-23T12:53:27.992Z", "last_update_time": "2018-12-23T12:53:27.992Z"}}, {"model": "blog.blog", "pk": 27, "fields": {"title": "for 23", "content": "xxxx:23", "blog_type": 1, "author": 1, "created_time": "2018-12-23T12:53:28.102Z", "last_update_time": "2018-12-23T12:53:28.102Z"}}, {"model": "blog.blog", "pk": 28, "fields": {"title": "for 24", "content": "xxxx:24", "blog_type": 1, "author": 1, "created_time": "2018-12-23T12:53:28.232Z", "last_update_time": "2018-12-23T12:53:28.232Z"}}, {"model": "blog.blog", "pk": 29, "fields": {"title": "for 25", "content": "xxxx:25", "blog_type": 1, "author": 1, "created_time": "2018-12-23T12:53:28.342Z", "last_update_time": "2018-12-23T12:53:28.342Z"}}, {"model": "blog.blog", "pk": 30, "fields": {"title": "for 26", "content": "xxxx:26", "blog_type": 1, "author": 1, "created_time": "2018-12-23T12:53:28.442Z", "last_update_time": "2018-12-23T12:53:28.442Z"}}, {"model": "blog.blog", "pk": 31, "fields": {"title": "for 27", "content": "xxxx:27", "blog_type": 1, "author": 1, "created_time": "2018-12-23T12:53:28.572Z", "last_update_time": "2018-12-24T14:47:35.806Z"}}, {"model": "blog.blog", "pk": 32, "fields": {"title": "for 28", "content": "xxxx:28", "blog_type": 1, "author": 1, "created_time": "2018-12-23T12:53:28.682Z", "last_update_time": "2018-12-24T14:47:11.456Z"}}, {"model": "blog.blog", "pk": 33, "fields": {"title": "for 29", "content": "xxxx:29", "blog_type": 1, "author": 1, "created_time": "2018-12-23T12:53:28.822Z", "last_update_time": "2018-12-24T14:49:03.683Z"}}, {"model": "comment.comment", "pk": 1, "fields": {"content_type": 7, "object_id": 33, "text": "111", "comment_time": "2018-12-28T02:22:03.592Z", "user": 1, "root": null, "parent": null, "reply_to": null}}, {"model": "comment.comment", "pk": 2, "fields": {"content_type": 7, "object_id": 33, "text": "222", "comment_time": "2018-12-28T02:43:08.116Z", "user": 1, "root": null, "parent": null, "reply_to": null}}, {"model": "comment.comment", "pk": 3, "fields": {"content_type": 7, "object_id": 33, "text": "333", "comment_time": "2018-12-28T02:43:11.295Z", "user": 1, "root": null, "parent": null, "reply_to": null}}, {"model": "comment.comment", "pk": 4, "fields": {"content_type": 7, "object_id": 22, "text": "1223", "comment_time": "2018-12-28T04:34:10.014Z", "user": 1, "root": null, "parent": null, "reply_to": null}}, {"model": "comment.comment", "pk": 5, "fields": {"content_type": 7, "object_id": 33, "text": "dddd", "comment_time": "2019-01-21T13:58:33.083Z", "user": 1, "root": null, "parent": null, "reply_to": null}}, {"model": "comment.comment", "pk": 6, "fields": {"content_type": 7, "object_id": 33, "text": "<p>lll</p>", "comment_time": "2019-01-21T15:09:59.273Z", "user": 1, "root": null, "parent": null, "reply_to": null}}, {"model": "comment.comment", "pk": 7, "fields": {"content_type": 7, "object_id": 33, "text": "<p>aaa</p>", "comment_time": "2019-01-21T15:10:35.806Z", "user": 1, "root": null, "parent": null, "reply_to": null}}, {"model": "comment.comment", "pk": 8, "fields": {"content_type": 7, "object_id": 33, "text": "<p>aaa</p>", "comment_time": "2019-01-21T15:25:28.672Z", "user": 1, "root": null, "parent": null, "reply_to": null}}, {"model": "comment.comment", "pk": 9, "fields": {"content_type": 7, "object_id": 33, "text": "<p>aaa</p>", "comment_time": "2019-01-21T15:25:32.423Z", "user": 1, "root": null, "parent": null, "reply_to": null}}, {"model": "comment.comment", "pk": 10, "fields": {"content_type": 7, "object_id": 33, "text": "<p>567</p>", "comment_time": "2019-01-21T15:32:43.266Z", "user": 1, "root": null, "parent": null, "reply_to": null}}, {"model": "comment.comment", "pk": 11, "fields": {"content_type": 7, "object_id": 33, "text": "<p><img alt=\"smiley\" height=\"23\" src=\"http://localhost:8000/static/ckeditor/ckeditor/plugins/smiley/images/regular_smile.png\" title=\"smiley\" width=\"23\" /></p>", "comment_time": "2019-01-21T15:36:59.959Z", "user": 1, "root": null, "parent": null, "reply_to": null}}, {"model": "comment.comment", "pk": 12, "fields": {"content_type": 7, "object_id": 33, "text": "<p><img alt=\"smiley\" height=\"23\" src=\"http://localhost:8000/static/ckeditor/ckeditor/plugins/smiley/images/regular_smile.png\" title=\"smiley\" width=\"23\" /></p>", "comment_time": "2019-01-21T15:37:07.213Z", "user": 1, "root": null, "parent": null, "reply_to": null}}, {"model": "comment.comment", "pk": 13, "fields": {"content_type": 7, "object_id": 32, "text": "<p><img alt=\"sad\" height=\"23\" src=\"http://localhost:8000/static/ckeditor/ckeditor/plugins/smiley/images/sad_smile.png\" title=\"sad\" width=\"23\" /></p>", "comment_time": "2019-01-21T15:37:27.932Z", "user": 1, "root": null, "parent": null, "reply_to": null}}, {"model": "comment.comment", "pk": 14, "fields": {"content_type": 7, "object_id": 32, "text": "<p>as</p>", "comment_time": "2019-01-22T09:46:58.234Z", "user": 1, "root": null, "parent": null, "reply_to": null}}, {"model": "comment.comment", "pk": 15, "fields": {"content_type": 7, "object_id": 32, "text": "<p>as</p>", "comment_time": "2019-01-22T09:47:02.700Z", "user": 1, "root": null, "parent": null, "reply_to": null}}, {"model": "comment.comment", "pk": 16, "fields": {"content_type": 7, "object_id": 31, "text": "<p>asssss</p>", "comment_time": "2019-01-22T09:47:23.099Z", "user": 1, "root": null, "parent": null, "reply_to": null}}, {"model": "comment.comment", "pk": 17, "fields": {"content_type": 7, "object_id": 31, "text": "<p>asssd</p>", "comment_time": "2019-01-22T09:47:44.385Z", "user": 1, "root": null, "parent": null, "reply_to": null}}, {"model": "comment.comment", "pk": 18, "fields": {"content_type": 7, "object_id": 33, "text": "<p>asdfd</p>", "comment_time": "2019-01-22T11:02:29.190Z", "user": 1, "root": null, "parent": null, "reply_to": null}}, {"model": "comment.comment", "pk": 19, "fields": {"content_type": 7, "object_id": 33, "text": "<p>asdfadf</p>", "comment_time": "2019-01-22T15:09:28.397Z", "user": 1, "root": null, "parent": null, "reply_to": null}}, {"model": "comment.comment", "pk": 20, "fields": {"content_type": 7, "object_id": 33, "text": "<p>sssss</p>", "comment_time": "2019-01-22T15:09:36.090Z", "user": 1, "root": null, "parent": null, "reply_to": null}}, {"model": "comment.comment", "pk": 21, "fields": {"content_type": 7, "object_id": 33, "text": "<p>aaaazhongyuchenggongle !!!!</p>\r\n\r\n<p>&nbsp;</p>", "comment_time": "2019-01-22T15:09:53.685Z", "user": 1, "root": null, "parent": null, "reply_to": null}}, {"model": "comment.comment", "pk": 22, "fields": {"content_type": 7, "object_id": 33, "text": "<p>&nbsp;</p>\r\n\r\n<blockquote>\r\n<p><strong><span style=\"color:#c0392b\"><img alt=\"smiley\" height=\"23\" src=\"http://localhost:8000/static/ckeditor/ckeditor/plugins/smiley/images/regular_smile.png\" title=\"smiley\" width=\"23\" />&acirc;</span></strong></p>\r\n</blockquote>\r\n\r\n<blockquote>\r\n<p>vzcvzcxvzv</p>\r\n\r\n<p>dafadsf</p>\r\n\r\n<p>d</p>\r\n\r\n<p>sfasdfa</p>\r\n\r\n<p>df</p>\r\n\r\n<p>a</p>\r\n\r\n<p>sdfadf</p>\r\n</blockquote>", "comment_time": "2019-01-22T15:12:49.363Z", "user": 1, "root": null, "parent": null, "reply_to": null}}, {"model": "comment.comment", "pk": 23, "fields": {"content_type": 7, "object_id": 33, "text": "<p>aaaaa</p>", "comment_time": "2019-02-15T05:56:01.918Z", "user": 2, "root": null, "parent": null, "reply_to": null}}, {"model": "comment.comment", "pk": 24, "fields": {"content_type": 7, "object_id": 29, "text": "<p>dddd</p>", "comment_time": "2019-02-15T07:05:44.811Z", "user": 2, "root": null, "parent": null, "reply_to": null}}, {"model": "comment.comment", "pk": 25, "fields": {"content_type": 7, "object_id": 29, "text": "<p>\u963f\u65af\u987f</p>", "comment_time": "2019-02-15T07:06:51.315Z", "user": 2, "root": null, "parent": null, "reply_to": null}}, {"model": "comment.comment", "pk": 26, "fields": {"content_type": 7, "object_id": 33, "text": "<p>111</p>", "comment_time": "2019-02-15T14:07:55.651Z", "user": 2, "root": 23, "parent": 23, "reply_to": 2}}, {"model": "comment.comment", "pk": 27, "fields": {"content_type": 7, "object_id": 33, "text": "<p>love</p>", "comment_time": "2019-02-15T14:08:15.131Z", "user": 2, "root": 21, "parent": 21, "reply_to": 1}}, {"model": "comment.comment", "pk": 28, "fields": {"content_type": 7, "object_id": 33, "text": "<p>3333</p>", "comment_time": "2019-02-15T14:08:53.859Z", "user": 2, "root": 23, "parent": 26, "reply_to": 2}}, {"model": "comment.comment", "pk": 29, "fields": {"content_type": 7, "object_id": 33, "text": "<p>1222</p>", "comment_time": "2019-02-15T14:19:56.764Z", "user": 2, "root": 23, "parent": 26, "reply_to": 2}}, {"model": "comment.comment", "pk": 30, "fields": {"content_type": 7, "object_id": 33, "text": "<p>vcvv</p>", "comment_time": "2019-02-15T14:20:30.175Z", "user": 2, "root": 23, "parent": 26, "reply_to": 2}}, {"model": "comment.comment", "pk": 31, "fields": {"content_type": 7, "object_id": 31, "text": "<p>77</p>", "comment_time": "2019-02-15T15:50:48.351Z", "user": 2, "root": null, "parent": null, "reply_to": null}}, {"model": "comment.comment", "pk": 32, "fields": {"content_type": 7, "object_id": 30, "text": "<p>dadf</p>", "comment_time": "2019-02-18T04:55:50.551Z", "user": 2, "root": null, "parent": null, "reply_to": null}}, {"model": "comment.comment", "pk": 33, "fields": {"content_type": 7, "object_id": 30, "text": "<p>dddd</p>", "comment_time": "2019-02-18T04:57:10.457Z", "user": 2, "root": null, "parent": null, "reply_to": null}}, {"model": "comment.comment", "pk": 34, "fields": {"content_type": 7, "object_id": 30, "text": "<p>aaa</p>", "comment_time": "2019-02-18T04:57:22.987Z", "user": 2, "root": null, "parent": null, "reply_to": null}}, {"model": "comment.comment", "pk": 35, "fields": {"content_type": 7, "object_id": 30, "text": "<p>qqw</p>", "comment_time": "2019-02-18T09:58:15.956Z", "user": 1, "root": null, "parent": null, "reply_to": null}}, {"model": "comment.comment", "pk": 36, "fields": {"content_type": 7, "object_id": 30, "text": "<p>zcxv</p>", "comment_time": "2019-02-18T10:04:22.577Z", "user": 1, "root": null, "parent": null, "reply_to": null}}, {"model": "comment.comment", "pk": 37, "fields": {"content_type": 7, "object_id": 30, "text": "<p>sdasd</p>\r\n\r\n<p>&nbsp;</p>", "comment_time": "2019-02-18T10:10:37.750Z", "user": 1, "root": 35, "parent": 35, "reply_to": 1}}, {"model": "likes.likerecord", "pk": 3, "fields": {"content_type": 7, "object_id": 33, "user": 1, "liked_time": "2019-02-18T06:07:02.713Z"}}, {"model": "likes.likerecord", "pk": 4, "fields": {"content_type": 12, "object_id": 29, "user": 1, "liked_time": "2019-02-18T06:07:17.379Z"}}, {"model": "likes.likerecord", "pk": 5, "fields": {"content_type": 12, "object_id": 28, "user": 1, "liked_time": "2019-02-18T06:07:19.922Z"}}, {"model": "likes.likerecord", "pk": 15, "fields": {"content_type": 12, "object_id": 37, "user": 1, "liked_time": "2019-02-18T10:29:39.757Z"}}, {"model": "likes.likerecord", "pk": 16, "fields": {"content_type": 12, "object_id": 15, "user": 1, "liked_time": "2019-02-18T11:15:05.433Z"}}, {"model": "user.profile", "pk": 1, "fields": {"user": 1, "nickname": "zk"}}, {"model": "admin.logentry", "pk": 1, "fields": {"action_time": "2018-12-15T14:00:36.390Z", "user": 1, "content_type": 8, "object_id": "1", "object_repr": "BlogType object (1)", "action_flag": 1, "change_message": "[{\"added\": {}}]"}}, {"model": "admin.logentry", "pk": 2, "fields": {"action_time": "2018-12-15T14:01:04.880Z", "user": 1, "content_type": 8, "object_id": "2", "object_repr": "BlogType object (2)", "action_flag": 1, "change_message": "[{\"added\": {}}]"}}, {"model": "admin.logentry", "pk": 3, "fields": {"action_time": "2018-12-15T14:01:14.434Z", "user": 1, "content_type": 8, "object_id": "2", "object_repr": "BlogType object (2)", "action_flag": 2, "change_message": "[]"}}, {"model": "admin.logentry", "pk": 4, "fields": {"action_time": "2018-12-15T14:01:52.215Z", "user": 1, "content_type": 7, "object_id": "1", "object_repr": "Blog object (1)", "action_flag": 1, "change_message": "[{\"added\": {}}]"}}, {"model": "admin.logentry", "pk": 5, "fields": {"action_time": "2018-12-15T14:02:00.083Z", "user": 1, "content_type": 7, "object_id": "2", "object_repr": "Blog object (2)", "action_flag": 1, "change_message": "[{\"added\": {}}]"}}, {"model": "admin.logentry", "pk": 6, "fields": {"action_time": "2018-12-15T14:02:11.383Z", "user": 1, "content_type": 7, "object_id": "3", "object_repr": "Blog object (3)", "action_flag": 1, "change_message": "[{\"added\": {}}]"}}, {"model": "admin.logentry", "pk": 7, "fields": {"action_time": "2018-12-16T09:07:31.159Z", "user": 1, "content_type": 7, "object_id": "3", "object_repr": "<Blog: 333>", "action_flag": 2, "change_message": "[{\"changed\": {\"fields\": [\"content\"]}}]"}}, {"model": "admin.logentry", "pk": 8, "fields": {"action_time": "2018-12-23T10:18:18.764Z", "user": 1, "content_type": 7, "object_id": "3", "object_repr": "<Blog: 333>", "action_flag": 2, "change_message": "[{\"changed\": {\"fields\": [\"content\"]}}]"}}, {"model": "admin.logentry", "pk": 9, "fields": {"action_time": "2018-12-24T11:11:16.141Z", "user": 1, "content_type": 8, "object_id": "3", "object_repr": "\u968f\u7b14", "action_flag": 1, "change_message": "[{\"added\": {}}]"}}, {"model": "admin.logentry", "pk": 10, "fields": {"action_time": "2018-12-24T11:12:06.935Z", "user": 1, "content_type": 8, "object_id": "2", "object_repr": "\u535a\u5ba2", "action_flag": 2, "change_message": "[{\"changed\": {\"fields\": [\"type_name\"]}}]"}}, {"model": "admin.logentry", "pk": 11, "fields": {"action_time": "2018-12-24T13:40:44.364Z", "user": 1, "content_type": 7, "object_id": "4", "object_repr": "<Blog: the first blog in shell>", "action_flag": 2, "change_message": "[{\"changed\": {\"fields\": [\"content\"]}}]"}}, {"model": "admin.logentry", "pk": 12, "fields": {"action_time": "2018-12-25T02:09:56.100Z", "user": 1, "content_type": 9, "object_id": "1", "object_repr": "ReadNum object (1)", "action_flag": 1, "change_message": "[{\"added\": {}}]"}}, {"model": "admin.logentry", "pk": 13, "fields": {"action_time": "2018-12-25T12:58:36.627Z", "user": 1, "content_type": 10, "object_id": "1", "object_repr": "ReadNum object (1)", "action_flag": 1, "change_message": "[{\"added\": {}}]"}}, {"model": "admin.logentry", "pk": 14, "fields": {"action_time": "2018-12-25T14:32:08.022Z", "user": 1, "content_type": 11, "object_id": "1", "object_repr": "ReadDetail object (1)", "action_flag": 1, "change_message": "[{\"added\": {}}]"}}, {"model": "admin.logentry", "pk": 15, "fields": {"action_time": "2019-02-18T05:57:48.417Z", "user": 1, "content_type": 14, "object_id": "35", "object_repr": "LikeCount object (35)", "action_flag": 3, "change_message": ""}}, {"model": "admin.logentry", "pk": 16, "fields": {"action_time": "2019-02-18T05:57:48.546Z", "user": 1, "content_type": 14, "object_id": "34", "object_repr": "LikeCount object (34)", "action_flag": 3, "change_message": ""}}, {"model": "admin.logentry", "pk": 17, "fields": {"action_time": "2019-02-18T05:57:48.671Z", "user": 1, "content_type": 14, "object_id": "33", "object_repr": "LikeCount object (33)", "action_flag": 3, "change_message": ""}}, {"model": "admin.logentry", "pk": 18, "fields": {"action_time": "2019-02-18T05:57:48.824Z", "user": 1, "content_type": 14, "object_id": "32", "object_repr": "LikeCount object (32)", "action_flag": 3, "change_message": ""}}, {"model": "admin.logentry", "pk": 19, "fields": {"action_time": "2019-02-18T05:57:48.931Z", "user": 1, "content_type": 14, "object_id": "31", "object_repr": "LikeCount object (31)", "action_flag": 3, "change_message": ""}}, {"model": "admin.logentry", "pk": 20, "fields": {"action_time": "2019-02-18T05:57:49.086Z", "user": 1, "content_type": 14, "object_id": "30", "object_repr": "LikeCount object (30)", "action_flag": 3, "change_message": ""}}, {"model": "admin.logentry", "pk": 21, "fields": {"action_time": "2019-02-18T05:57:49.215Z", "user": 1, "content_type": 14, "object_id": "29", "object_repr": "LikeCount object (29)", "action_flag": 3, "change_message": ""}}, {"model": "admin.logentry", "pk": 22, "fields": {"action_time": "2019-02-18T05:57:49.351Z", "user": 1, "content_type": 14, "object_id": "28", "object_repr": "LikeCount object (28)", "action_flag": 3, "change_message": ""}}, {"model": "admin.logentry", "pk": 23, "fields": {"action_time": "2019-02-18T05:57:49.430Z", "user": 1, "content_type": 14, "object_id": "27", "object_repr": "LikeCount object (27)", "action_flag": 3, "change_message": ""}}, {"model": "admin.logentry", "pk": 24, "fields": {"action_time": "2019-02-18T05:57:49.538Z", "user": 1, "content_type": 14, "object_id": "26", "object_repr": "LikeCount object (26)", "action_flag": 3, "change_message": ""}}, {"model": "admin.logentry", "pk": 25, "fields": {"action_time": "2019-02-18T05:57:49.649Z", "user": 1, "content_type": 14, "object_id": "25", "object_repr": "LikeCount object (25)", "action_flag": 3, "change_message": ""}}, {"model": "admin.logentry", "pk": 26, "fields": {"action_time": "2019-02-18T05:57:49.761Z", "user": 1, "content_type": 14, "object_id": "24", "object_repr": "LikeCount object (24)", "action_flag": 3, "change_message": ""}}, {"model": "admin.logentry", "pk": 27, "fields": {"action_time": "2019-02-18T05:57:49.874Z", "user": 1, "content_type": 14, "object_id": "23", "object_repr": "LikeCount object (23)", "action_flag": 3, "change_message": ""}}, {"model": "admin.logentry", "pk": 28, "fields": {"action_time": "2019-02-18T05:57:50.006Z", "user": 1, "content_type": 14, "object_id": "22", "object_repr": "LikeCount object (22)", "action_flag": 3, "change_message": ""}}, {"model": "admin.logentry", "pk": 29, "fields": {"action_time": "2019-02-18T05:57:50.147Z", "user": 1, "content_type": 14, "object_id": "21", "object_repr": "LikeCount object (21)", "action_flag": 3, "change_message": ""}}, {"model": "admin.logentry", "pk": 30, "fields": {"action_time": "2019-02-18T05:57:50.249Z", "user": 1, "content_type": 14, "object_id": "20", "object_repr": "LikeCount object (20)", "action_flag": 3, "change_message": ""}}, {"model": "admin.logentry", "pk": 31, "fields": {"action_time": "2019-02-18T05:57:50.364Z", "user": 1, "content_type": 14, "object_id": "19", "object_repr": "LikeCount object (19)", "action_flag": 3, "change_message": ""}}, {"model": "admin.logentry", "pk": 32, "fields": {"action_time": "2019-02-18T05:57:50.464Z", "user": 1, "content_type": 14, "object_id": "18", "object_repr": "LikeCount object (18)", "action_flag": 3, "change_message": ""}}, {"model": "admin.logentry", "pk": 33, "fields": {"action_time": "2019-02-18T05:57:50.590Z", "user": 1, "content_type": 14, "object_id": "17", "object_repr": "LikeCount object (17)", "action_flag": 3, "change_message": ""}}, {"model": "admin.logentry", "pk": 34, "fields": {"action_time": "2019-02-18T05:57:50.704Z", "user": 1, "content_type": 14, "object_id": "16", "object_repr": "LikeCount object (16)", "action_flag": 3, "change_message": ""}}, {"model": "admin.logentry", "pk": 35, "fields": {"action_time": "2019-02-18T05:57:50.816Z", "user": 1, "content_type": 14, "object_id": "15", "object_repr": "LikeCount object (15)", "action_flag": 3, "change_message": ""}}, {"model": "admin.logentry", "pk": 36, "fields": {"action_time": "2019-02-18T05:57:50.882Z", "user": 1, "content_type": 14, "object_id": "14", "object_repr": "LikeCount object (14)", "action_flag": 3, "change_message": ""}}, {"model": "admin.logentry", "pk": 37, "fields": {"action_time": "2019-02-18T05:57:50.961Z", "user": 1, "content_type": 14, "object_id": "13", "object_repr": "LikeCount object (13)", "action_flag": 3, "change_message": ""}}, {"model": "admin.logentry", "pk": 38, "fields": {"action_time": "2019-02-18T05:57:51.029Z", "user": 1, "content_type": 14, "object_id": "12", "object_repr": "LikeCount object (12)", "action_flag": 3, "change_message": ""}}, {"model": "admin.logentry", "pk": 39, "fields": {"action_time": "2019-02-18T05:57:51.095Z", "user": 1, "content_type": 14, "object_id": "11", "object_repr": "LikeCount object (11)", "action_flag": 3, "change_message": ""}}, {"model": "admin.logentry", "pk": 40, "fields": {"action_time": "2019-02-18T05:57:51.172Z", "user": 1, "content_type": 14, "object_id": "10", "object_repr": "LikeCount object (10)", "action_flag": 3, "change_message": ""}}, {"model": "admin.logentry", "pk": 41, "fields": {"action_time": "2019-02-18T05:57:51.257Z", "user": 1, "content_type": 14, "object_id": "9", "object_repr": "LikeCount object (9)", "action_flag": 3, "change_message": ""}}, {"model": "admin.logentry", "pk": 42, "fields": {"action_time": "2019-02-18T05:57:51.330Z", "user": 1, "content_type": 14, "object_id": "8", "object_repr": "LikeCount object (8)", "action_flag": 3, "change_message": ""}}, {"model": "admin.logentry", "pk": 43, "fields": {"action_time": "2019-02-18T05:57:51.407Z", "user": 1, "content_type": 14, "object_id": "7", "object_repr": "LikeCount object (7)", "action_flag": 3, "change_message": ""}}, {"model": "admin.logentry", "pk": 44, "fields": {"action_time": "2019-02-18T05:57:51.485Z", "user": 1, "content_type": 14, "object_id": "6", "object_repr": "LikeCount object (6)", "action_flag": 3, "change_message": ""}}, {"model": "admin.logentry", "pk": 45, "fields": {"action_time": "2019-02-18T05:57:51.572Z", "user": 1, "content_type": 14, "object_id": "5", "object_repr": "LikeCount object (5)", "action_flag": 3, "change_message": ""}}, {"model": "admin.logentry", "pk": 46, "fields": {"action_time": "2019-02-18T05:57:51.637Z", "user": 1, "content_type": 14, "object_id": "4", "object_repr": "LikeCount object (4)", "action_flag": 3, "change_message": ""}}, {"model": "admin.logentry", "pk": 47, "fields": {"action_time": "2019-02-18T05:57:51.717Z", "user": 1, "content_type": 14, "object_id": "3", "object_repr": "LikeCount object (3)", "action_flag": 3, "change_message": ""}}, {"model": "admin.logentry", "pk": 48, "fields": {"action_time": "2019-02-18T05:57:51.790Z", "user": 1, "content_type": 14, "object_id": "2", "object_repr": "LikeCount object (2)", "action_flag": 3, "change_message": ""}}, {"model": "admin.logentry", "pk": 49, "fields": {"action_time": "2019-02-18T05:57:51.872Z", "user": 1, "content_type": 14, "object_id": "1", "object_repr": "LikeCount object (1)", "action_flag": 3, "change_message": ""}}, {"model": "admin.logentry", "pk": 50, "fields": {"action_time": "2019-02-18T06:00:01.186Z", "user": 1, "content_type": 14, "object_id": "39", "object_repr": "LikeCount object (39)", "action_flag": 3, "change_message": ""}}, {"model": "admin.logentry", "pk": 51, "fields": {"action_time": "2019-02-18T06:00:01.321Z", "user": 1, "content_type": 14, "object_id": "38", "object_repr": "LikeCount object (38)", "action_flag": 3, "change_message": ""}}, {"model": "admin.logentry", "pk": 52, "fields": {"action_time": "2019-02-18T06:00:01.446Z", "user": 1, "content_type": 14, "object_id": "37", "object_repr": "LikeCount object (37)", "action_flag": 3, "change_message": ""}}, {"model": "admin.logentry", "pk": 53, "fields": {"action_time": "2019-02-18T06:00:01.557Z", "user": 1, "content_type": 14, "object_id": "36", "object_repr": "LikeCount object (36)", "action_flag": 3, "change_message": ""}}, {"model": "admin.logentry", "pk": 54, "fields": {"action_time": "2019-02-21T09:34:59.439Z", "user": 1, "content_type": 4, "object_id": "1", "object_repr": "jack", "action_flag": 2, "change_message": "[{\"changed\": {\"fields\": [\"email\"]}}]"}}]